metric,F_value,p_value,significant
Processing Time,55.48498900732284,1.1210745014830554e-08,True
Response Length,82.32623993683201,6.096312891237682e-10,True
