vendor,model,mean,std,min,max
Google,gemini-1.5-pro,14.535405794779459,0.9759881345913695,13.69341516494751,16.694926023483276
OpenAI,gpt-4.1-mini,16.22736594412062,8.313734054554189,9.433748960494995,37.556976079940796
