vendor,model,mean,std,min,max
Anthropic,claude-3-opus-20240229,32.5232,6.213347286286195,28.1297,36.9167
GROK,grok-3-mini,16.250200000000003,2.3651891763662385,14.5382,18.949
Google,gemini-1.5-pro,14.736066666666668,1.8690384328133376,13.3082,16.8515
OpenAI,gpt-4.1-mini,20.130575,4.255395954452027,15.7127,25.3702
