vendor,model,mean,std,min,max
Anthropic,claude-3-opus-20240229,32.21916,5.033282373163659,24.6875,37.4549
GROK,grok-3-mini,15.600100000000001,1.3287911950340434,14.3203,17.6367
Google,gemini-1.5-pro,14.532720000000001,1.1775161090193202,12.5794,15.4382
OpenAI,gpt-4.1-nano,11.58877,1.6640117140513169,8.96585,13.5827
