vendor,model,mean,std,min,max
Anthropic,claude-3-opus-20240229,4638.8,732.165759920525,3614,5422
GROK,grok-3-mini,10108.0,809.6598051033533,9255,11261
Google,gemini-1.5-pro,3978.6,237.8083261788788,3599,4171
OpenAI,gpt-4.1-nano,5706.0,776.2457729353506,4868,6473
