,,autonomy_mentions,autonomy_mentions,autonomy_mentions,beneficence_mentions,beneficence_mentions,beneficence_mentions,non-maleficence_mentions,non-maleficence_mentions,non-maleficence_mentions,justice_mentions,justice_mentions,justice_mentions
,,mean,std,sum,mean,std,sum,mean,std,sum,mean,std,sum
vendor,model,,,,,,,,,,,,
Anthropic,claude-3-opus-20240229,3.8,1.9235384061671346,19,4.8,2.16794833886788,24,2.8,1.0954451150103321,14,0.6,0.5477225575051662,3
GROK,grok-3-mini,11.6,4.33589667773576,58,9.4,1.3416407864998738,47,7.6,1.816590212458495,38,8.4,2.701851217221259,42
Google,gemini-1.5-pro,4.2,2.280350850198276,21,3.6,0.8944271909999159,18,3.0,0.7071067811865476,15,1.2,0.8366600265340756,6
OpenAI,gpt-4.1-nano,5.2,3.9623225512317903,26,5.8,2.3874672772626644,29,3.6,2.073644135332772,18,3.0,1.224744871391589,15
