vendor,model,mean,std,min,max
Google,gemini-1.5-pro,4054.0,356.0312486285438,3703,4688
OpenAI,gpt-4.1-mini,5600.777777777777,455.4897852251402,4881,6233
