model,mean,std,min,max
gemini,14.354692566394807,1.0794829430935673,12.594918012619019,16.983644008636475
openai,15.054009596506754,2.2535788487969066,12.44808316230774,18.950571060180664
