model,mean,std,min,max
gemini,4040.05,310.7321532327023,3425,4638
openai,5533.777777777777,439.11182453270874,4761,6105
