scenario_filename,mean,std,min,max
1_case.md,6218.0,2017.7440372852054,4323,9569
2_case.md,5785.75,2777.9430489722668,3819,9848
3_case.md,6520.0,3750.601551751399,3482,10712
