scenario_filename,mean,std,min,max
1_case.md,6695.25,3194.3684169696726,4147,11261
2_case.md,6307.0,2366.6546009082103,3897,9501
3_case.md,5929.25,3093.8785124823503,4079,10535
4_case.md,5763.5,3008.8658439130627,3599,9988
5_case.md,5844.25,2306.913287634944,4171,9255
