scenario_filename,mean,std,min,max
1_case.md,5134.166666666667,1047.371837823925,3719,6233
2_case.md,4918.166666666667,857.3320049238025,3963,5984
3_case.md,4429.833333333333,737.2555640120097,3703,5232
