vendor,mean,std,min,max
Anthropic,4638.8,732.165759920525,3614,5422
GROK,10108.0,809.6598051033533,9255,11261
Google,3978.6,237.8083261788788,3599,4171
OpenAI,5706.0,776.2457729353506,4868,6473
