vendor,mean,std,min,max
Anthropic,32.5232,6.213347286286195,28.1297,36.9167
GROK,16.250200000000003,2.3651891763662385,14.5382,18.949
Google,14.736066666666668,1.8690384328133376,13.3082,16.8515
OpenAI,20.130575,4.255395954452027,15.7127,25.3702
