vendor,mean,std,min,max
Google,4054.0,356.0312486285438,3703,4688
OpenAI,5600.777777777777,455.4897852251402,4881,6233
