vendor,mean,std,min,max
Anthropic,32.21916,5.033282373163659,24.6875,37.4549
GROK,15.600100000000001,1.3287911950340434,14.3203,17.6367
Google,14.532720000000001,1.1775161090193202,12.5794,15.4382
OpenAI,11.58877,1.6640117140513169,8.96585,13.5827
