,F-statistic,p-value,significant
relevance_score,6.812628190734566,0.00015364965312952546,True
correctness_score,7.796497755293975,3.871186512105591e-05,True
fluency_score,3.4530383428814955,0.01616047441490582,True
coherence_score,4.961134892781303,0.0020301503299146604,True
overall_score,7.071543081125354,0.0001069319141928109,True
