,relevance_score,correctness_score,fluency_score,coherence_score,overall_score
relevance_score,0.0,1.0315337269219677e-142,1.8119586353887776e-74,4.363604762751614e-101,2.3704927089042898e-251
correctness_score,1.0315337269219677e-142,0.0,4.327014257661708e-59,1.5755521087341613e-98,5.351051028158047e-235
fluency_score,1.8119586353887776e-74,4.327014257661708e-59,0.0,2.196614502918773e-118,1.4296745056970332e-207
coherence_score,4.363604762751614e-101,1.5755521087341613e-98,2.196614502918773e-118,0.0,1.8231017255113784e-271
overall_score,2.3704927089042898e-251,5.351051028158047e-235,1.4296745056970332e-207,1.8231017255113784e-271,0.0
