,relevance_score,correctness_score,fluency_score,coherence_score,overall_score
relevance_score,1.0,0.7286727806168498,0.5683266670590384,0.6428473511813764,0.8594386668302563
correctness_score,0.7286727806168498,1.0,0.5144918425587582,0.6364964559350484,0.8453281068934067
fluency_score,0.5683266670590384,0.5144918425587582,1.0,0.6821853721932969,0.8180266612403114
coherence_score,0.6428473511813764,0.6364964559350484,0.6821853721932969,1.0,0.8749061684714469
overall_score,0.8594386668302563,0.8453281068934067,0.8180266612403114,0.8749061684714469,1.0
