vendor,model,mean,std,count
Anthropic,claude-3-opus-20240229,4.0844907407407405,0.6461713502371916,216
GROK,grok-3-mini,4.096698113207547,0.705488599735398,212
Google,gemini-1.5-pro,3.8232558139534882,0.7643753815848919,215
OpenAI,gpt-4.1-nano,4.01285046728972,0.6599799442640406,214
