vendor,model,mean,std,count
Google,gemini-1.5-pro,3.638888888888889,1.1395661942647786,9
OpenAI,gpt-4.1-mini,3.409090909090909,0.6916712303609938,11
