,,relevance_score,relevance_score,relevance_score,correctness_score,correctness_score,correctness_score,fluency_score,fluency_score,fluency_score,coherence_score,coherence_score,coherence_score
,,mean,std,count,mean,std,count,mean,std,count,mean,std,count
vendor,model,,,,,,,,,,,,
Anthropic,claude-3-opus-20240229,4.138888888888889,0.7276382097863509,216,4.013888888888889,0.7623657589291359,216,4.12037037037037,0.8036844526286866,216,4.064814814814815,0.8100892646552802,216
GROK,grok-3-mini,4.235849056603773,0.7794990102405074,212,4.113207547169812,0.7643819138850183,212,4.018867924528302,0.8867762807195829,212,4.018867924528302,0.8596387654811449,212
Google,gemini-1.5-pro,3.9069767441860463,0.8486920527442325,215,3.744186046511628,0.9346153003334979,215,3.86046511627907,0.890799162068491,215,3.781395348837209,0.9138743175090132,215
OpenAI,gpt-4.1-nano,4.065420560747664,0.747716750334109,214,3.967289719626168,0.7954419093569458,214,4.0,0.7931632752596761,214,4.018691588785047,0.7869989162046686,214
