,PC1,PC2,PC3,PC4
relevance_score,0.5105600216720978,-0.39627971681546637,-0.4681353872912427,-0.602611076463517
correctness_score,0.499539031006238,-0.5373243443570768,0.14512677136036956,0.663838478620441
fluency_score,0.475241735801239,0.6909911820242373,-0.45399873693706805,0.3009345872061234
coherence_score,0.513745572559182,0.2770850435635953,0.7440918130578644,-0.3249872905968155
