vendor,1-1_case.md,2-2_case.md,3-3_case.md,4-4_case.md,5-5_case.md
Anthropic,4.2272727272727275,4.113095238095238,3.9404761904761907,4.053571428571429,4.081521739130435
GROK,3.9464285714285716,4.191860465116279,4.154761904761905,4.098837209302325,4.089285714285714
Google,3.732142857142857,3.75,3.854651162790698,3.988372093023256,3.7906976744186047
OpenAI,4.145348837209302,4.119047619047619,3.7151162790697674,4.0476190476190474,4.0397727272727275
