vendor,1-1_case.md,2-2_case.md,3-3_case.md,4-4_case.md,5-5_case.md
Anthropic,4.2272727272727275,4.119047619047619,3.880952380952381,4.0,4.086956521739131
GROK,3.8333333333333335,4.162790697674419,4.0476190476190474,4.046511627906977,4.0
Google,3.619047619047619,3.6818181818181817,3.744186046511628,3.9767441860465116,3.883720930232558
OpenAI,4.1395348837209305,4.095238095238095,3.6744186046511627,4.071428571428571,4.113636363636363
