,relevance_score,relevance_score,relevance_score,correctness_score,correctness_score,correctness_score,fluency_score,fluency_score,fluency_score,coherence_score,coherence_score,coherence_score,overall_score,overall_score,overall_score
,mean,std,count,mean,std,count,mean,std,count,mean,std,count,mean,std,count
scenario_id,,,,,,,,,,,,,,,
1-1_case.md,4.083333333333333,0.8072772799889929,168,3.982142857142857,0.8510171039445437,168,4.0476190476190474,0.8248354857528691,168,3.9523809523809526,0.9077808950443224,168,4.0163690476190474,0.7150749934250548,168
2-2_case.md,4.18562874251497,0.7809690805089912,167,4.0119760479041915,0.8358533908462094,167,4.0,0.8712268043272734,167,4.0119760479041915,0.8572021169492986,167,4.052395209580839,0.6984450971349523,167
3-3_case.md,4.018072289156627,0.805081524697514,166,3.8493975903614457,0.8284155733543258,166,3.9518072289156625,0.8224665704962051,166,3.825301204819277,0.8525673702687806,166,3.911144578313253,0.7156344188163879,166
4-4_case.md,4.078313253012048,0.8089721413746352,166,4.0,0.8668997355606649,166,4.078313253012048,0.8384037058631786,166,4.018072289156627,0.8561569635631999,166,4.043674698795181,0.7166667727994351,166
5-5_case.md,4.064327485380117,0.7287878641593808,171,4.005847953216374,0.755350141040111,171,3.9298245614035086,0.8982266671118356,171,4.017543859649122,0.7857082545705563,171,4.004385964912281,0.6830261838332826,171
