vendor,1-1_case.md,2-2_case.md,3-3_case.md,4-4_case.md,5-5_case.md
Anthropic,4.25,4.190476190476191,3.9761904761904763,4.142857142857143,4.130434782608695
GROK,4.166666666666667,4.4186046511627906,4.238095238095238,4.162790697674419,4.190476190476191
Google,3.8095238095238093,3.8863636363636362,4.0,4.0,3.8372093023255816
OpenAI,4.093023255813954,4.214285714285714,3.883720930232558,4.0476190476190474,4.090909090909091
