vendor,1-1_case.md,2-2_case.md,3-3_case.md,4-4_case.md,5-5_case.md
Anthropic,4.2727272727272725,4.071428571428571,4.023809523809524,4.166666666666667,4.065217391304348
GROK,3.7857142857142856,4.093023255813954,4.190476190476191,4.0,4.023809523809524
Google,3.9047619047619047,3.6818181818181817,3.9302325581395348,4.116279069767442,3.6744186046511627
OpenAI,4.209302325581396,4.119047619047619,3.697674418604651,4.023809523809524,3.9545454545454546
