vendor,1-1_case.md,2-2_case.md,3-3_case.md,4-4_case.md,5-5_case.md
Anthropic,4.159090909090909,4.071428571428571,3.880952380952381,3.9047619047619047,4.043478260869565
GROK,4.0,4.093023255813954,4.142857142857143,4.186046511627907,4.142857142857143
Google,3.5952380952380953,3.75,3.744186046511628,3.86046511627907,3.7674418604651163
OpenAI,4.1395348837209305,4.0476190476190474,3.604651162790698,4.0476190476190474,4.0
