vendor,mean,std,count
Anthropic,3.25,0.0,2
GROK,3.0,0.0,2
Google,3.0,1.0606601717798212,2
OpenAI,4.0,0.3535533905932738,2
