vendor,mean,std,count
Google,3.638888888888889,1.1395661942647786,9
OpenAI,3.409090909090909,0.6916712303609938,11
