vendor,mean,std,count
Anthropic,4.0844907407407405,0.6461713502371916,216
GROK,4.096698113207547,0.705488599735398,212
Google,3.8232558139534882,0.7643753815848919,215
OpenAI,4.01285046728972,0.6599799442640406,214
